2017-03-01,4,3
2017-03-02,4,3
2017-03-03,5,3
2017-03-04,1,1
2017-03-05,1,1
2017-03-06,3,2
2017-03-07,2,1
2017-03-08,1,1
2017-03-09,2,1
2017-03-10,2,1
2017-03-11,2,1
2017-03-12,3,2
2017-03-13,4,3
2017-03-14,4,3
2017-03-15,1,1
2017-03-16,1,1
2017-03-17,1,1
2017-03-18,1,1
2017-03-19,2,1
2017-03-20,4,3
2017-03-21,2,1
2017-03-22,3,2
2017-03-23,2,1
2017-03-24,19,16
2017-03-25,1,1
2017-03-26,3,2
2017-03-27,2,1
2017-03-28,2,1
2017-03-29,2,1
2017-03-30,6,4
2017-03-31,1,1
2017-04-01,2,1
2017-04-02,3,2
2017-04-03,4,3
2017-04-04,4,3
2017-04-05,2,1
2017-04-06,2,1
2017-04-07,3,2
2017-04-08,13,10
2017-04-09,2,1
2017-04-10,2,1
2017-04-11,2,1
2017-04-12,1,1
2017-04-13,2,1
2017-04-14,3,2
2017-04-15,2,1
2017-04-16,1,1
2017-04-17,3,2
2017-04-18,4,3
2017-04-19,2,1
2017-04-20,6,4
2017-04-21,4,3
2017-04-22,2,1
2017-04-23,2,1
2017-04-24,5,4
2017-04-25,4,3
2017-04-26,4,3
2017-04-27,4,3
2017-04-28,5,4
2017-04-29,1,1
2017-04-30,2,1
2017-05-01,3,2
2017-05-02,3,2
2017-05-03,1,1
2017-05-04,4,3
2017-05-05,2,1
2017-05-06,3,2
2017-05-07,1,1
2017-05-08,3,2
2017-05-09,2,1
2017-05-10,4,3
2017-05-11,1,1
2017-05-12,2,1
2017-05-13,1,1
2017-05-14,1,1
2017-05-15,1,1
2017-05-16,4,3
2017-05-17,4,3
2017-05-18,5,4
2017-05-19,2,1
2017-05-20,1,1
2017-05-21,1,1
2017-05-22,2,1
2017-05-23,3,2
2017-05-24,1,1
2017-05-25,3,2
2017-05-26,2,1
2017-05-27,1,1
2017-05-28,1,1
2017-05-29,1,1
2017-05-30,2,1
2017-05-31,2,1
2017-06-01,3,2
2017-06-02,5,3
2017-06-03,1,1
2017-06-04,1,1
2017-06-05,4,3
2017-06-06,4,3
2017-06-07,3,2
2017-06-08,2,1
2017-06-09,2,1
2017-06-10,1,1
2017-06-11,2,1
2017-06-12,3,2
2017-06-13,4,3
2017-06-14,3,2
2017-06-15,2,1
2017-06-16,4,3
2017-06-17,2,1
2017-06-18,2,1
2017-06-19,2,1
2017-06-20,3,2
2017-06-21,1,1
2017-06-22,2,1
2017-06-23,4,3
2017-06-24,1,1
2017-06-25,3,2
2017-06-26,4,3
2017-06-27,3,2
2017-06-28,2,1
2017-06-29,4,3
2017-06-30,2,1
2017-07-01,2,1
2017-07-02,10,8
2017-07-03,1,1
2017-07-04,2,1
2017-07-05,4,3
2017-07-06,2,1
2017-07-07,1,1
2017-07-08,1,1
2017-07-09,1,1
2017-07-10,1,1
2017-07-11,4,3
2017-07-12,2,1
2017-07-13,2,1
2017-07-14,1,1
2017-07-15,1,1
2017-07-16,1,1
2017-07-17,3,2
2017-07-18,1,1
2017-07-19,2,1
2017-07-20,3,2
2017-07-21,2,1
2017-07-22,1,1
2017-07-23,1,1
2017-07-24,2,1
2017-07-25,2,1
2017-07-26,4,3
2017-07-27,3,2
2017-07-28,2,1
2017-07-29,1,1
2017-07-30,1,1
2017-07-31,4,3
2017-08-01,3,2
2017-08-02,3,2
2017-08-03,3,2
2017-08-04,4,3
2017-08-05,2,1
2017-08-06,1,1
2017-08-07,2,1
2017-08-08,1,1
2017-08-09,2,1
2017-08-10,2,1
2017-08-11,2,1
2017-08-12,2,1
2017-08-13,1,1
2017-08-14,1,1
2017-08-15,2,1
2017-08-16,2,1
2017-08-17,2,1
2017-08-18,3,2
2017-08-19,2,1
2017-08-20,2,1
2017-08-21,1,1
2017-08-22,2,1
2017-08-23,2,1
2017-08-24,2,1
2017-08-25,3,2
2017-08-26,2,1
2017-08-27,2,1
2017-08-28,2,1
2017-08-29,4,3
2017-08-30,2,1
2017-08-31,2,1
2017-09-01,4,3
2017-09-02,1,1
2017-09-03,3,2
2017-09-04,6,5
2017-09-05,4,3
2017-09-06,3,2
2017-09-07,5,3
2017-09-08,4,3
2017-09-09,1,1
2017-09-10,1,1
2017-09-11,1,1
2017-09-12,1,1
2017-09-13,6,4
2017-09-14,2,1
2017-09-15,6,4
2017-09-16,2,1
2017-09-17,1,1
2017-09-18,6,4
2017-09-19,4,3
2017-09-20,3,2
2017-09-21,3,2
2017-09-22,2,1
2017-09-23,1,1
2017-09-24,3,2
2017-09-25,5,4
2017-09-26,4,3
2017-09-27,2,1
2017-09-28,6,5
2017-09-29,1,1
2017-09-30,2,1
2017-10-01,2,1
2017-10-02,5,4
2017-10-03,5,4
2017-10-04,2,1
2017-10-05,4,3
2017-10-06,4,3
2017-10-07,1,1
2017-10-08,1,1
2017-10-09,4,3
2017-10-10,6,4
2017-10-11,2,1
2017-10-12,5,3
2017-10-13,4,3
2017-10-14,4,3
2017-10-15,2,1
2017-10-16,2,1
2017-10-17,6,4
2017-10-18,4,3
2017-10-19,4,3
2017-10-20,5,4
2017-10-21,2,1
2017-10-22,1,1
2017-10-23,5,4
2017-10-24,5,4
2017-10-25,5,4
2017-10-26,2,1
2017-10-27,6,4
2017-10-28,2,1
2017-10-29,2,1
2017-10-30,3,2
2017-10-31,5,4
2017-11-01,2,1
2017-11-02,4,3
2017-11-03,5,4
2017-11-04,3,2
2017-11-05,1,1
2017-11-06,2,1
2017-11-07,5,3
2017-11-08,2,1
2017-11-09,6,4
2017-11-10,3,2
2017-11-11,3,2
2017-11-12,2,1
2017-11-13,3,2
2017-11-14,3,2
2017-11-15,2,1
2017-11-16,3,2
2017-11-17,3,2
2017-11-18,1,1
2017-11-19,2,1
2017-11-20,3,2
2017-11-21,1,1
2017-11-22,6,4
2017-11-23,1,1
2017-11-24,4,3
2017-11-25,1,1
2017-11-26,2,1
2017-11-27,3,2
2017-11-28,4,3
2017-11-29,3,2
2017-11-30,4,3
2017-12-01,7,6
2017-12-02,2,1
2017-12-03,1,1
2017-12-04,7,6
2017-12-05,6,4
2017-12-06,6,5
2017-12-07,6,5
2017-12-08,8,6
2017-12-09,12,9
2017-12-10,4,3
2017-12-11,9,8
2017-12-12,6,5
2017-12-13,4,3
2017-12-14,5,4
2017-12-15,7,5
2017-12-16,4,3
2017-12-17,3,2
2017-12-18,22,17
2017-12-19,4,3
2017-12-20,3,2
2017-12-21,2,1
2017-12-22,10,8
2017-12-23,2,1
2017-12-24,2,1
2017-12-25,4,3
2017-12-26,9,8
2017-12-27,7,6
2017-12-28,4,3
2017-12-29,3,2
2017-12-30,3,2
2017-12-31,4,3
2018-01-01,5,4
2018-01-02,6,5
2018-01-03,3,2
2018-01-04,8,6
2018-01-05,5,4
2018-01-06,3,2
2018-01-07,2,1
2018-01-08,10,7
2018-01-09,4,3
2018-01-10,3,2
2018-01-11,4,3
2018-01-12,6,5
2018-01-13,4,3
2018-01-14,1,1
2018-01-15,6,4
2018-01-16,10,8
2018-01-17,6,5
2018-01-18,9,6
2018-01-19,9,8
2018-01-20,4,3
2018-01-21,3,2
2018-01-22,6,5
2018-01-23,5,4
2018-01-24,8,6
2018-01-25,10,8
2018-01-26,7,6
2018-01-27,5,4
2018-01-28,3,2
2018-01-29,3,2
2018-01-30,8,7
2018-01-31,3,2
2018-02-01,4,3
2018-02-02,5,4
2018-02-03,2,1
2018-02-04,2,1
2018-02-05,4,3
2018-02-06,4,3
2018-02-07,39,33
2018-02-08,3,2
2018-02-09,7,5
2018-02-10,3,2
2018-02-11,2,1
2018-02-12,6,5
2018-02-13,3,2
2018-02-14,3,2
2018-02-15,9,8
2018-02-16,8,6
2018-02-17,7,5
2018-02-18,4,3
2018-02-19,7,5
2018-02-20,2,1
2018-02-21,6,5
2018-02-22,7,5
2018-02-23,3,2
2018-02-24,1,1
2018-02-25,1,1
2018-02-26,2,1
2018-02-27,5,4
2018-02-28,3,2
2018-03-01,6,4
2018-03-02,4,3
2018-03-03,3,2
2018-03-04,3,2
2018-03-05,5,3
2018-03-06,5,4
2018-03-07,3,2
2018-03-08,8,6
2018-03-09,2,1
2018-03-10,1,1
2018-03-11,6,5
2018-03-12,9,7
2018-03-13,7,5
2018-03-14,8,6
2018-03-15,5,4
2018-03-16,5,4
2018-03-17,5,4
2018-03-18,2,1
2018-03-19,3,2
2018-03-20,7,5
2018-03-21,8,6
2018-03-22,5,4
2018-03-23,2,1
2018-03-24,4,3
2018-03-25,6,4
2018-03-26,6,5
2018-03-27,8,6
2018-03-28,4,3
2018-03-29,10,8
2018-03-30,6,5
2018-03-31,4,3
2018-04-01,2,1
2018-04-02,6,5
2018-04-03,6,4
2018-04-04,4,3
2018-04-05,6,5
2018-04-06,6,4
2018-04-07,4,3
2018-04-08,5,4
2018-04-09,8,6
2018-04-10,7,6
2018-04-11,7,5
2018-04-12,8,7
2018-04-13,5,3
2018-04-14,4,3
2018-04-15,2,1
2018-04-16,2,1
2018-04-17,17,13
2018-04-18,5,4
2018-04-19,10,8
2018-04-20,11,8
2018-04-21,1,1
2018-04-22,4,3
2018-04-23,4,3
2018-04-24,3,2
2018-04-25,8,7
2018-04-26,9,6
2018-04-27,7,6
2018-04-28,2,1
2018-04-29,2,1
2018-04-30,10,8
2018-05-01,6,4
2018-05-02,8,6
2018-05-03,8,6
2018-05-04,8,6
2018-05-05,2,1
2018-05-06,3,2
2018-05-07,5,4
2018-05-08,3,2
2018-05-09,4,3
2018-05-10,3,2
2018-05-11,3,2
2018-05-12,2,1
2018-05-13,5,4
2018-05-14,12,9
2018-05-15,5,4
2018-05-16,6,4
2018-05-17,6,5
2018-05-18,7,6
2018-05-19,4,3
2018-05-20,4,3
2018-05-21,7,5
2018-05-22,6,5
2018-05-23,8,7
2018-05-24,3,2
2018-05-25,3,2
2018-05-26,6,4
2018-05-27,3,2
2018-05-28,7,5
2018-05-29,2,1
2018-05-30,4,3
2018-05-31,5,4
2018-06-01,7,6
2018-06-02,3,2
2018-06-03,3,2
2018-06-04,6,4
2018-06-05,6,5
2018-06-06,8,6
2018-06-07,5,3
2018-06-08,8,6
2018-06-09,5,4
2018-06-10,4,3
2018-06-11,3,2
2018-06-12,4,3
2018-06-13,11,9
2018-06-14,4,3
2018-06-15,6,5
2018-06-16,4,3
2018-06-17,3,2
2018-06-18,5,4
2018-06-19,3,2
2018-06-20,3,2
2018-06-21,8,6
2018-06-22,6,4
2018-06-23,4,3
2018-06-24,4,3
2018-06-25,2,1
2018-06-26,7,5
2018-06-27,11,10
2018-06-28,13,10
2018-06-29,8,7
2018-06-30,5,4
2018-07-01,4,3
2018-07-02,4,3
2018-07-03,5,4
2018-07-04,2,1
2018-07-05,3,2
2018-07-06,5,4
2018-07-07,2,1
2018-07-08,1,1
2018-07-09,5,4
2018-07-10,3,2
2018-07-11,3,2
2018-07-12,2,1
2018-07-13,2,1
2018-07-14,2,1
2018-07-15,2,1
2018-07-16,3,2
2018-07-17,5,4
2018-07-18,4,3
2018-07-19,4,3
2018-07-20,3,2
2018-07-21,4,3
2018-07-22,3,2
2018-07-23,2,1
2018-07-24,4,3
2018-07-25,10,8
2018-07-26,6,5
2018-07-27,2,1
2018-07-28,3,2
2018-07-29,2,1
2018-07-30,4,3
2018-07-31,6,5
2018-08-01,6,4
2018-08-02,4,3
2018-08-03,3,2
2018-08-04,3,2
2018-08-05,3,2
2018-08-06,6,4
2018-08-07,3,2
2018-08-08,4,3
2018-08-09,4,3
2018-08-10,5,3
2018-08-11,5,4
2018-08-12,2,1
2018-08-13,4,3
2018-08-14,10,8
2018-08-15,4,3
2018-08-16,4,3
2018-08-17,7,6
2018-08-18,1,1
2018-08-19,5,3
2018-08-20,8,6
2018-08-21,2,1
2018-08-22,7,6
2018-08-23,3,2
2018-08-24,5,4
2018-08-25,2,1
2018-08-26,2,1
2018-08-27,4,3
2018-08-28,8,6
2018-08-29,2,1
2018-08-30,7,5
2018-08-31,5,3
2018-09-01,5,4
2018-09-02,6,4
2018-09-03,7,5
2018-09-04,10,8
2018-09-05,9,6
2018-09-06,9,7
2018-09-07,10,7
2018-09-08,4,3
2018-09-09,6,4
2018-09-10,4,3
2018-09-11,9,7
2018-09-12,15,12
2018-09-13,10,7
2018-09-14,11,8
2018-09-15,9,8
2018-09-16,3,2
2018-09-17,6,5
2018-09-18,13,11
2018-09-19,3,2
2018-09-20,6,5
2018-09-21,8,6
2018-09-22,2,1
2018-09-23,7,5
2018-09-24,11,9
2018-09-25,10,8
2018-09-26,4,3
2018-09-27,13,11
2018-09-28,15,12
2018-09-29,5,4
2018-09-30,7,6
2018-10-01,92,77
2018-10-02,12,11
2018-10-03,5,4
2018-10-04,8,6
2018-10-05,3,2
2018-10-06,8,6
2018-10-07,6,5
2018-10-08,10,8
2018-10-09,6,5
2018-10-10,6,5
2018-10-11,12,10
2018-10-12,5,4
2018-10-13,5,3
2018-10-14,6,4
2018-10-15,10,7
2018-10-16,5,4
2018-10-17,8,6
2018-10-18,12,9
2018-10-19,6,4
2018-10-20,4,3
2018-10-21,8,7
2018-10-22,13,11
2018-10-23,12,10
2018-10-24,14,10
2018-10-25,15,13
2018-10-26,12,11
2018-10-27,5,4
2018-10-28,4,3
2018-10-29,14,11
2018-10-30,6,5
2018-10-31,14,11
2018-11-01,7,5
2018-11-02,5,4
2018-11-03,6,4
2018-11-04,2,1
2018-11-05,9,8
2018-11-06,8,6
2018-11-07,6,5
2018-11-08,15,12
2018-11-09,7,6
2018-11-10,3,2
2018-11-11,7,5
2018-11-12,11,8
2018-11-13,5,4
2018-11-14,10,8
2018-11-15,5,4
2018-11-16,12,9
2018-11-17,1,1
2018-11-18,3,2
2018-11-19,10,8
2018-11-20,9,7
2018-11-21,9,7
2018-11-22,7,5
2018-11-23,15,13
2018-11-24,4,3
2018-11-25,8,6
2018-11-26,16,13
2018-11-27,8,6
2018-11-28,9,8
2018-11-29,13,11
2018-11-30,4,3
2018-12-01,9,6
2018-12-02,6,4
2018-12-03,14,12
2018-12-04,8,6
2018-12-05,10,8
2018-12-06,8,7
2018-12-07,14,11
2018-12-08,1,1
2018-12-09,7,5
2018-12-10,12,9
2018-12-11,1,1
2018-12-12,13,11
2018-12-13,9,7
2018-12-14,10,8
2018-12-15,12,10
2018-12-16,10,8
2018-12-17,7,5
2018-12-18,12,10
2018-12-19,6,5
2018-12-20,13,10
2018-12-21,8,6
2018-12-22,9,7
2018-12-23,4,3
2018-12-24,6,4
2018-12-25,14,10
2018-12-26,17,12
2018-12-27,21,16
2018-12-28,13,10
2018-12-29,6,4
2018-12-30,4,3
2018-12-31,15,13
2019-01-01,10,8
2019-01-02,17,13
2019-01-03,12,10
2019-01-04,9,6
2019-01-05,8,7
2019-01-06,7,5
2019-01-07,23,20
2019-01-08,5,4
2019-01-09,19,16
2019-01-10,13,11
2019-01-11,8,6
2019-01-12,9,6
2019-01-13,11,9
2019-01-14,8,6
2019-01-15,11,9
2019-01-16,20,15
2019-01-17,8,6
2019-01-18,10,8
2019-01-19,9,7
2019-01-20,5,4
2019-01-21,17,14
2019-01-22,15,11
2019-01-23,7,5
2019-01-24,9,7
2019-01-25,101,77
2019-01-26,13,11
2019-01-27,13,10
2019-01-28,17,14
2019-01-29,10,8
2019-01-30,12,10
2019-01-31,22,17
2019-02-01,14,11
2019-02-02,6,5
2019-02-03,10,8
2019-02-04,10,8
2019-02-05,14,10
2019-02-06,10,8
2019-02-07,10,8
2019-02-08,5,3
2019-02-09,5,4
2019-02-10,8,7
2019-02-11,13,11
2019-02-12,12,9
2019-02-13,11,10
2019-02-14,4,3
2019-02-15,18,15
2019-02-16,8,7
2019-02-17,5,3
2019-02-18,8,6
2019-02-19,7,6
2019-02-20,6,5
2019-02-21,12,9
2019-02-22,7,5
2019-02-23,7,5
2019-02-24,4,3
2019-02-25,18,13
2019-02-26,16,13
2019-02-27,11,10
2019-02-28,8,7
2019-03-01,12,10
2019-03-02,10,9
2019-03-03,3,2
2019-03-04,8,6
2019-03-05,18,15
2019-03-06,9,6
2019-03-07,15,11
2019-03-08,2,1
2019-03-09,11,9
2019-03-10,4,3
2019-03-11,11,9
2019-03-12,8,7
2019-03-13,9,8
2019-03-14,13,10
2019-03-15,5,4
2019-03-16,12,9
2019-03-17,8,6
2019-03-18,9,8
2019-03-19,25,21
2019-03-20,6,4
2019-03-21,12,10
2019-03-22,13,10
2019-03-23,35,26
2019-03-24,8,7
2019-03-25,17,13
2019-03-26,8,7
2019-03-27,14,12
2019-03-28,4,3
2019-03-29,14,11
2019-03-30,9,7
2019-03-31,9,7
2019-04-01,13,11
2019-04-02,10,8
2019-04-03,15,13
2019-04-04,9,6
2019-04-05,7,5
2019-04-06,4,3
2019-04-07,13,10
2019-04-08,14,12
2019-04-09,13,10
2019-04-10,14,11
2019-04-11,8,6
2019-04-12,9,6
2019-04-13,10,8
2019-04-14,1,1
2019-04-15,38,30
2019-04-16,15,11
2019-04-17,12,9
2019-04-18,11,9
2019-04-19,11,8
2019-04-20,9,7
2019-04-21,5,4
2019-04-22,7,5
2019-04-23,45,34
2019-04-24,22,18
2019-04-25,7,5
2019-04-26,14,12
2019-04-27,6,4
2019-04-28,6,4
2019-04-29,17,13
2019-04-30,14,11
2019-05-01,8,6
2019-05-02,12,9
2019-05-03,11,8
2019-05-04,8,7
2019-05-05,8,6
2019-05-06,8,6
2019-05-07,1,1
2019-05-08,7,5
2019-05-09,14,11
2019-05-10,20,17
2019-05-11,7,5
2019-05-12,6,4
2019-05-13,4,3
2019-05-14,11,9
2019-05-15,6,5
2019-05-16,20,17
2019-05-17,14,11
2019-05-18,4,3
2019-05-19,15,13
2019-05-20,19,17
2019-05-21,1,1
2019-05-22,19,15
2019-05-23,7,5
2019-05-24,15,13
2019-05-25,10,9
2019-05-26,10,8
2019-05-27,8,6
2019-05-28,13,11
2019-05-29,15,12
2019-05-30,20,17
2019-05-31,22,17
2019-06-01,9,7
2019-06-02,9,8
2019-06-03,2,1
2019-06-04,9,7
2019-06-05,11,8
2019-06-06,18,14
2019-06-07,8,6
2019-06-08,6,5
2019-06-09,5,4
2019-06-10,18,14
2019-06-11,12,9
2019-06-12,16,12
2019-06-13,18,13
2019-06-14,19,16
2019-06-15,10,8
2019-06-16,13,10
2019-06-17,7,5
2019-06-18,19,14
2019-06-19,8,6
2019-06-20,16,13
2019-06-21,2,1
2019-06-22,6,4
2019-06-23,1,1
2019-06-24,6,5
2019-06-25,8,6
2019-06-26,14,11
2019-06-27,16,13
2019-06-28,11,9
2019-06-29,9,7
2019-06-30,10,8
2019-07-01,4,3
2019-07-02,4,3
2019-07-03,7,5
2019-07-04,7,5
2019-07-05,8,6
2019-07-06,7,6
2019-07-07,8,6
2019-07-08,8,6
2019-07-09,1,1
2019-07-10,5,4
2019-07-11,8,6
2019-07-12,13,10
2019-07-13,4,3
2019-07-14,7,6
2019-07-15,7,5
2019-07-16,9,7
2019-07-17,14,11
2019-07-18,13,10
2019-07-19,13,10
2019-07-20,4,3
2019-07-21,2,1
2019-07-22,9,6
2019-07-23,13,11
2019-07-24,11,8
2019-07-25,14,12
2019-07-26,10,7
2019-07-27,7,6
2019-07-28,4,3
2019-07-29,14,10
2019-07-30,1,1
2019-07-31,10,7
2019-08-01,12,10
2019-08-02,12,10
2019-08-03,3,2
2019-08-04,7,5
2019-08-05,13,10
2019-08-06,5,3
2019-08-07,6,4
2019-08-08,11,9
2019-08-09,5,4
2019-08-10,5,4
2019-08-11,4,3
2019-08-12,6,4
2019-08-13,15,11
2019-08-14,6,4
2019-08-15,14,11
2019-08-16,14,11
2019-08-17,9,8
2019-08-18,8,6
2019-08-19,10,7
2019-08-20,13,10
2019-08-21,16,12
2019-08-22,7,5
2019-08-23,9,7
2019-08-24,5,4
2019-08-25,9,7
2019-08-26,5,4
2019-08-27,16,12
2019-08-28,5,4
2019-08-29,8,6
2019-08-30,10,8
2019-08-31,5,4
2019-09-01,8,6
2019-09-02,18,13
2019-09-03,20,17
2019-09-04,9,7
2019-09-05,21,16
2019-09-06,8,7
2019-09-07,12,9
2019-09-08,10,8
2019-09-09,19,17
2019-09-10,20,16
2019-09-11,13,10
2019-09-12,19,16
2019-09-13,17,13
2019-09-14,40,30
2019-09-15,13,11
2019-09-16,18,14
2019-09-17,15,12
2019-09-18,15,11
2019-09-19,13,10
2019-09-20,18,16
2019-09-21,14,12
2019-09-22,12,9
2019-09-23,12,10
2019-09-24,13,10
2019-09-25,19,14
2019-09-26,20,16
2019-09-27,12,10
2019-09-28,15,12
2019-09-29,10,8
2019-09-30,20,16
2019-10-01,34,30
2019-10-02,18,14
2019-10-03,12,9
2019-10-04,19,16
2019-10-05,12,9
2019-10-06,4,3
2019-10-07,29,26
2019-10-08,23,19
2019-10-09,56,44
2019-10-10,22,19
2019-10-11,19,14
2019-10-12,13,10
2019-10-13,6,4
2019-10-14,18,15
2019-10-15,9,7
2019-10-16,23,19
2019-10-17,14,11
2019-10-18,17,14
2019-10-19,19,14
2019-10-20,11,9
2019-10-21,18,15
2019-10-22,26,23
2019-10-23,16,14
2019-10-24,11,8
2019-10-25,17,14
2019-10-26,7,5
2019-10-27,11,9
2019-10-28,27,20
2019-10-29,24,21
2019-10-30,10,7
2019-10-31,25,22
2019-11-01,15,11
2019-11-02,7,5
2019-11-03,6,4
2019-11-04,20,15
2019-11-05,28,24
2019-11-06,18,14
2019-11-07,17,14
2019-11-08,17,14
2019-11-09,1,1
2019-11-10,21,16
2019-11-11,8,6
2019-11-12,17,12
2019-11-13,20,15
2019-11-14,11,9
2019-11-15,19,17
2019-11-16,13,11
2019-11-17,14,11
2019-11-18,21,17
2019-11-19,9,7
2019-11-20,17,15
2019-11-21,16,13
2019-11-22,14,11
2019-11-23,72,59
2019-11-24,8,7
2019-11-25,24,21
2019-11-26,27,23
2019-11-27,5,4
2019-11-28,13,10
2019-11-29,18,16
2019-11-30,6,4
2019-12-01,1,1
2019-12-02,15,13
2019-12-03,10,8
2019-12-04,19,14
2019-12-05,12,10
2019-12-06,31,27
2019-12-07,18,15
2019-12-08,17,14
2019-12-09,29,22
2019-12-10,26,21
2019-12-11,34,28
2019-12-12,16,12
2019-12-13,16,14
2019-12-14,18,15
2019-12-15,15,13
2019-12-16,28,24
2019-12-17,26,22
2019-12-18,24,20
2019-12-19,31,28
2019-12-20,22,17
2019-12-21,9,8
2019-12-22,9,6
2019-12-23,25,21
2019-12-24,32,29
2019-12-25,22,16
2019-12-26,16,13
2019-12-27,25,20
2019-12-28,14,11
2019-12-29,11,9
2019-12-30,18,16
2019-12-31,28,21
2020-01-01,20,18
2020-01-02,19,16
2020-01-03,16,13
2020-01-04,9,7
2020-01-05,16,13
2020-01-06,28,21
2020-01-07,16,14
2020-01-08,30,27
2020-01-09,25,19
2020-01-10,22,17
2020-01-11,17,14
2020-01-12,22,16
2020-01-13,38,28
2020-01-14,11,9
2020-01-15,13,11
2020-01-16,15,11
2020-01-17,20,16
2020-01-18,20,17
2020-01-19,10,9
2020-01-20,32,25
2020-01-21,17,13
2020-01-22,16,13
2020-01-23,31,25
2020-01-24,16,12
2020-01-25,22,19
2020-01-26,15,12
2020-01-27,26,19
2020-01-28,32,27
2020-01-29,19,14
2020-01-30,4,3
2020-01-31,17,12
2020-02-01,13,11
2020-02-02,8,6
2020-02-03,25,22
2020-02-04,17,14
2020-02-05,18,15
2020-02-06,8,6
2020-02-07,21,17
2020-02-08,16,13
2020-02-09,7,6
2020-02-10,9,7
2020-02-11,13,11
2020-02-12,165,138
2020-02-13,150,132
2020-02-14,22,18
2020-02-15,13,10
2020-02-16,9,8
2020-02-17,20,15
2020-02-18,10,9
2020-02-19,10,8
2020-02-20,17,14
2020-02-21,13,11
2020-02-22,7,6
2020-02-23,10,8
2020-02-24,15,13
2020-02-25,15,13
2020-02-26,10,7
2020-02-27,19,16
2020-02-28,18,14
2020-02-29,18,15
2020-03-01,16,14
2020-03-02,30,23
2020-03-03,23,18
2020-03-04,13,11
2020-03-05,2,1
2020-03-06,24,21
2020-03-07,96,87
2020-03-08,9,8
2020-03-09,3,2
2020-03-10,17,14
2020-03-11,26,20
2020-03-12,40,31
2020-03-13,24,19
2020-03-14,18,15
2020-03-15,21,16
2020-03-16,31,24
2020-03-17,30,23
2020-03-18,24,19
2020-03-19,16,13
2020-03-20,24,21
2020-03-21,13,10
2020-03-22,11,9
2020-03-23,30,23
2020-03-24,17,14
2020-03-25,39,34
2020-03-26,19,17
2020-03-27,7,5
2020-03-28,8,6
2020-03-29,18,15
2020-03-30,30,24
2020-03-31,21,18
2020-04-01,14,12
2020-04-02,34,28
2020-04-03,15,12
2020-04-04,8,6
2020-04-05,10,8
2020-04-06,26,19
2020-04-07,20,16
2020-04-08,14,11
2020-04-09,29,26
2020-04-10,16,12
2020-04-11,8,6
2020-04-12,17,14
2020-04-13,30,26
2020-04-14,35,26
2020-04-15,38,30
2020-04-16,36,30
2020-04-17,26,21
2020-04-18,12,10
2020-04-19,17,13
2020-04-20,27,24
2020-04-21,13,10
2020-04-22,33,25
2020-04-23,14,12
2020-04-24,34,29
2020-04-25,6,4
2020-04-26,13,10
2020-04-27,23,18
2020-04-28,27,22
2020-04-29,24,19
2020-04-30,20,18
2020-05-01,19,15
2020-05-02,23,19
2020-05-03,16,12
2020-05-04,20,18
2020-05-05,16,13
2020-05-06,12,10
2020-05-07,25,22
2020-05-08,14,12
2020-05-09,16,14
2020-05-10,19,15
2020-05-11,22,17
2020-05-12,37,33
2020-05-13,17,13
2020-05-14,30,23
2020-05-15,11,9
2020-05-16,1,1
2020-05-17,19,17
2020-05-18,25,19
2020-05-19,13,11
2020-05-20,29,25
2020-05-21,20,15
2020-05-22,23,17
2020-05-23,17,13
2020-05-24,17,13
2020-05-25,21,18
2020-05-26,25,19
2020-05-27,12,9
2020-05-28,29,22
2020-05-29,24,21
2020-05-30,15,11
2020-05-31,15,12
2020-06-01,25,21
2020-06-02,7,5
2020-06-03,15,11
2020-06-04,89,78
2020-06-05,19,14
2020-06-06,5,4
2020-06-07,13,10
2020-06-08,23,20
2020-06-09,119,100
2020-06-10,9,7
2020-06-11,25,19
2020-06-12,24,20
2020-06-13,11,8
2020-06-14,6,4
2020-06-15,20,16
2020-06-16,10,8
2020-06-17,24,19
2020-06-18,12,9
2020-06-19,31,23
2020-06-20,31,26
2020-06-21,20,18
2020-06-22,33,29
2020-06-23,27,21
2020-06-24,24,20
2020-06-25,16,12
2020-06-26,23,17
2020-06-27,10,8
2020-06-28,15,11
2020-06-29,36,31
2020-06-30,17,14
2020-07-01,15,12
2020-07-02,14,11
2020-07-03,22,17
2020-07-04,7,6
2020-07-05,12,10
2020-07-06,24,19
2020-07-07,9,8
2020-07-08,9,7
2020-07-09,11,9
2020-07-10,18,13
2020-07-11,4,3
2020-07-12,19,16
2020-07-13,18,15
2020-07-14,19,15
2020-07-15,20,16
2020-07-16,25,21
2020-07-17,20,15
2020-07-18,14,11
2020-07-19,9,7
2020-07-20,22,18
2020-07-21,17,14
2020-07-22,15,12
2020-07-23,23,20
2020-07-24,24,20
2020-07-25,10,7
2020-07-26,10,8
2020-07-27,12,10
2020-07-28,15,11
2020-07-29,17,14
2020-07-30,10,7
2020-07-31,14,12
2020-08-01,13,11
2020-08-02,14,12
2020-08-03,21,16
2020-08-04,23,20
2020-08-05,26,20
2020-08-06,20,17
2020-08-07,9,8
2020-08-08,11,8
2020-08-09,12,10
2020-08-10,20,17
2020-08-11,19,16
2020-08-12,29,24
2020-08-13,17,13
2020-08-14,20,16
2020-08-15,7,5
2020-08-16,16,14
2020-08-17,10,8
2020-08-18,19,16
2020-08-19,31,25
2020-08-20,24,19
2020-08-21,14,12
2020-08-22,10,7
2020-08-23,14,12
2020-08-24,29,24
2020-08-25,22,19
2020-08-26,10,9
2020-08-27,28,24
2020-08-28,33,28
2020-08-29,8,6
2020-08-30,7,5
2020-08-31,25,21
2020-09-01,36,30
2020-09-02,30,23
2020-09-03,27,21
2020-09-04,39,33
2020-09-05,9,7
2020-09-06,26,20
2020-09-07,17,15
2020-09-08,58,50
2020-09-09,25,20
2020-09-10,33,26
2020-09-11,46,36
2020-09-12,10,7
2020-09-13,31,24
2020-09-14,44,35
2020-09-15,49,38
2020-09-16,46,35
2020-09-17,17,14
2020-09-18,20,17
2020-09-19,25,19
2020-09-20,11,9
2020-09-21,33,30
2020-09-22,28,24
2020-09-23,17,14
2020-09-24,43,33
2020-09-25,32,29
2020-09-26,25,22
2020-09-27,23,19
2020-09-28,26,19
2020-09-29,24,18
2020-09-30,22,17
2020-10-01,39,30
2020-10-02,39,33
2020-10-03,22,18
2020-10-04,24,21
2020-10-05,32,24
2020-10-06,20,15
2020-10-07,32,26
2020-10-08,22,19
2020-10-09,27,20
2020-10-10,12,10
2020-10-11,14,11
2020-10-12,18,14
2020-10-13,22,18
2020-10-14,25,22
2020-10-15,31,27
2020-10-16,12,9
2020-10-17,28,23
2020-10-18,30,25
2020-10-19,25,18
2020-10-20,33,25
2020-10-21,31,27
2020-10-22,24,18
2020-10-23,29,24
2020-10-24,16,14
2020-10-25,15,13
2020-10-26,41,32
2020-10-27,33,28
2020-10-28,42,34
2020-10-29,35,29
2020-10-30,29,21
2020-10-31,13,10
2020-11-01,21,18
2020-11-02,25,22
2020-11-03,41,36
2020-11-04,32,24
2020-11-05,14,12
2020-11-06,3,2
2020-11-07,23,17
2020-11-08,10,7
2020-11-09,12,9
2020-11-10,26,22
2020-11-11,29,22
2020-11-12,31,27
2020-11-13,21,19
2020-11-14,12,10
2020-11-15,12,10
2020-11-16,33,29
2020-11-17,14,12
2020-11-18,17,13
2020-11-19,25,20
2020-11-20,3,2
2020-11-21,13,11
2020-11-22,15,12
2020-11-23,29,25
2020-11-24,22,18
2020-11-25,6,5
2020-11-26,33,27
2020-11-27,39,34
2020-11-28,11,8
2020-11-29,13,10
2020-11-30,24,18
2020-12-01,36,31
2020-12-02,27,21
2020-12-03,19,14
2020-12-04,35,31
2020-12-05,43,36
2020-12-06,18,15
2020-12-07,43,34
2020-12-08,36,31
2020-12-09,19,15
2020-12-10,36,30
2020-12-11,33,27
2020-12-12,44,34
2020-12-13,12,10
2020-12-14,28,25
2020-12-15,45,34
2020-12-16,20,18
2020-12-17,45,38
2020-12-18,50,44
2020-12-19,17,13
2020-12-20,36,29
2020-12-21,54,44
2020-12-22,50,44
2020-12-23,28,23
2020-12-24,63,56
2020-12-25,55,46
2020-12-26,13,11
2020-12-27,13,11
2020-12-28,6,4
2020-12-29,44,37
2020-12-30,8,6
2020-12-31,30,23
2021-01-01,22,17
2021-01-02,23,17
2021-01-03,14,11
2021-01-04,24,21
2021-01-05,50,38
2021-01-06,28,22
2021-01-07,29,25
2021-01-08,46,37
2021-01-09,14,11
2021-01-10,35,31
2021-01-11,30,23
2021-01-12,55,46
2021-01-13,35,29
2021-01-14,41,32
2021-01-15,20,15
2021-01-16,37,32
2021-01-17,26,20
2021-01-18,42,31
2021-01-19,21,18
2021-01-20,57,50
2021-01-21,50,37
2021-01-22,55,48
2021-01-23,18,15
2021-01-24,142,106
2021-01-25,35,29
2021-01-26,28,22
2021-01-27,50,39
2021-01-28,59,49
2021-01-29,45,38
2021-01-30,9,7
2021-01-31,28,24
2021-02-01,39,32
2021-02-02,40,30
2021-02-03,51,44
2021-02-04,35,27
2021-02-05,3,2
2021-02-06,19,15
2021-02-07,8,6
2021-02-08,33,28
2021-02-09,14,11
2021-02-10,30,26
2021-02-11,40,30
2021-02-12,16,12
2021-02-13,79,60
2021-02-14,17,13
2021-02-15,32,24
2021-02-16,46,37
2021-02-17,38,29
2021-02-18,102,86
2021-02-19,26,21
2021-02-20,10,8
2021-02-21,21,18
2021-02-22,20,15
2021-02-23,18,16
2021-02-24,22,19
2021-02-25,37,33
2021-02-26,32,27
2021-02-27,15,11
2021-02-28,9,7
2021-03-01,51,44
2021-03-02,44,33
2021-03-03,20,16
2021-03-04,17,13
2021-03-05,36,28
2021-03-06,6,4
2021-03-07,34,26
2021-03-08,62,57
2021-03-09,25,22
2021-03-10,32,27
2021-03-11,20,15
2021-03-12,32,28
2021-03-13,45,35
2021-03-14,21,17
2021-03-15,42,34
2021-03-16,39,32
2021-03-17,46,34
2021-03-18,41,32
2021-03-19,62,52
2021-03-20,15,12
2021-03-21,22,18
2021-03-22,34,26
2021-03-23,21,17
2021-03-24,61,46
2021-03-25,19,15
2021-03-26,33,30
2021-03-27,40,30
2021-03-28,30,24
2021-03-29,38,33
2021-03-30,22,18
2021-03-31,51,42
2021-04-01,26,22
2021-04-02,34,28
2021-04-03,10,8
2021-04-04,25,22
2021-04-05,18,16
2021-04-06,30,25
2021-04-07,64,52
2021-04-08,20,16
2021-04-09,22,16
2021-04-10,17,15
2021-04-11,23,17
2021-04-12,47,36
2021-04-13,31,28
2021-04-14,26,22
2021-04-15,56,46
2021-04-16,18,13
2021-04-17,25,22
2021-04-18,30,26
2021-04-19,48,41
2021-04-20,28,24
2021-04-21,28,22
2021-04-22,57,48
2021-04-23,47,36
2021-04-24,29,22
2021-04-25,17,13
2021-04-26,21,18
2021-04-27,53,39
2021-04-28,30,24
2021-04-29,23,17
2021-04-30,3,2
2021-05-01,11,9
2021-05-02,11,9
2021-05-03,43,36
2021-05-04,37,28
2021-05-05,38,30
2021-05-06,22,17
2021-05-07,22,19
2021-05-08,13,9
2021-05-09,13,10
2021-05-10,22,17
2021-05-11,26,19
2021-05-12,34,26
2021-05-13,48,40
2021-05-14,30,25
2021-05-15,34,29
2021-05-16,29,25
2021-05-17,34,27
2021-05-18,34,26
2021-05-19,33,28
2021-05-20,24,18
2021-05-21,34,30
2021-05-22,17,14
2021-05-23,30,22
2021-05-24,25,22
2021-05-25,38,32
2021-05-26,7,5
2021-05-27,79,67
2021-05-28,33,28
2021-05-29,15,11
2021-05-30,21,18
2021-05-31,30,24
2021-06-01,48,42
2021-06-02,36,32
2021-06-03,37,30
2021-06-04,35,27
2021-06-05,2,1
2021-06-06,38,30
2021-06-07,39,29
2021-06-08,40,32
2021-06-09,45,37
2021-06-10,46,40
2021-06-11,32,27
2021-06-12,19,16
2021-06-13,29,21
2021-06-14,58,49
2021-06-15,27,24
2021-06-16,42,34
2021-06-17,43,32
2021-06-18,34,29
2021-06-19,20,17
2021-06-20,16,13
2021-06-21,28,21
2021-06-22,34,26
2021-06-23,31,28
2021-06-24,40,31
2021-06-25,23,19
2021-06-26,13,11
2021-06-27,26,21
2021-06-28,45,40
2021-06-29,29,26
2021-06-30,69,56
2021-07-01,17,14
2021-07-02,43,36
2021-07-03,22,17
2021-07-04,18,14
2021-07-05,8,6
2021-07-06,26,21
2021-07-07,21,19
2021-07-08,50,39
2021-07-09,20,17
2021-07-10,19,16
2021-07-11,13,10
2021-07-12,17,14
2021-07-13,27,24
2021-07-14,24,19
2021-07-15,16,13
2021-07-16,33,29
2021-07-17,16,14
2021-07-18,18,15
2021-07-19,11,9
2021-07-20,20,17
2021-07-21,15,12
2021-07-22,29,25
2021-07-23,33,26
2021-07-24,10,8
2021-07-25,18,15
2021-07-26,35,32
2021-07-27,33,29
2021-07-28,25,20
2021-07-29,33,28
2021-07-30,17,13
2021-07-31,31,26
2021-08-01,25,20
2021-08-02,30,26
2021-08-03,28,24
2021-08-04,31,23
2021-08-05,17,14
2021-08-06,30,25
2021-08-07,28,25
2021-08-08,27,20
2021-08-09,37,31
2021-08-10,15,13
2021-08-11,29,25
2021-08-12,44,35
2021-08-13,16,13
2021-08-14,9,7
2021-08-15,22,18
2021-08-16,30,22
2021-08-17,23,17
2021-08-18,207,175
2021-08-19,20,18
2021-08-20,31,26
2021-08-21,10,7
2021-08-22,10,8
2021-08-23,24,18
2021-08-24,30,25
2021-08-25,33,30
2021-08-26,18,16
2021-08-27,17,15
2021-08-28,14,11
2021-08-29,11,8
2021-08-30,19,15
2021-08-31,38,29
2021-09-01,58,47
2021-09-02,8,6
2021-09-03,35,30
2021-09-04,19,14
2021-09-05,30,23
2021-09-06,57,50
2021-09-07,53,44
2021-09-08,33,26
2021-09-09,66,56
2021-09-10,6,4
2021-09-11,27,23
2021-09-12,27,23
2021-09-13,58,46
2021-09-14,68,54
2021-09-15,51,39
2021-09-16,58,44
2021-09-17,49,44
2021-09-18,34,28
2021-09-19,48,41
2021-09-20,67,58
2021-09-21,63,56
2021-09-22,51,44
2021-09-23,36,32
2021-09-24,46,37
2021-09-25,19,16
2021-09-26,17,14
2021-09-27,33,28
2021-09-28,42,34
2021-09-29,36,27
2021-09-30,39,32
2021-10-01,24,19
2021-10-02,17,13
2021-10-03,33,27
2021-10-04,39,31
2021-10-05,31,25
2021-10-06,35,29
2021-10-07,41,36
2021-10-08,59,49
2021-10-09,34,26
2021-10-10,19,15
2021-10-11,69,56
2021-10-12,53,41
2021-10-13,54,49
2021-10-14,30,26
2021-10-15,32,27
2021-10-16,17,15
2021-10-17,39,29
2021-10-18,47,37
2021-10-19,52,41
2021-10-20,36,27
2021-10-21,41,34
2021-10-22,31,25
2021-10-23,11,9
2021-10-24,24,20
2021-10-25,31,27
2021-10-26,25,22
2021-10-27,54,41
2021-10-28,55,43
2021-10-29,29,22
2021-10-30,56,50
2021-10-31,44,36
2021-11-01,23,19
2021-11-02,29,25
2021-11-03,49,44
2021-11-04,34,27
2021-11-05,20,17
2021-11-06,33,27
2021-11-07,24,18
2021-11-08,15,13
2021-11-09,54,42
2021-11-10,21,17
2021-11-11,37,32
2021-11-12,33,29
2021-11-13,39,35
2021-11-14,41,31
2021-11-15,48,41
2021-11-16,33,28
2021-11-17,32,27
2021-11-18,26,20
2021-11-19,39,33
2021-11-20,11,9
2021-11-21,12,10
2021-11-22,43,36
2021-11-23,41,35
2021-11-24,16,13
2021-11-25,59,51
2021-11-26,28,23
2021-11-27,17,12
2021-11-28,18,13
2021-11-29,51,46
2021-11-30,20,15
2021-12-01,84,64
2021-12-02,24,19
2021-12-03,72,64
2021-12-04,34,29
2021-12-05,24,19
2021-12-06,62,55
2021-12-07,24,18
2021-12-08,48,42
2021-12-09,50,39
2021-12-10,36,28
2021-12-11,33,26
2021-12-12,31,25
2021-12-13,75,63
2021-12-14,66,57
2021-12-15,13,11
2021-12-16,46,41
2021-12-17,36,32
2021-12-18,53,40
2021-12-19,12,9
2021-12-20,35,31
2021-12-21,24,20
2021-12-22,36,31
2021-12-23,50,44
2021-12-24,35,26
2021-12-25,19,16
2021-12-26,59,49
2021-12-27,37,31
2021-12-28,40,31
2021-12-29,56,49
2021-12-30,59,45
2021-12-31,44,33
2022-01-01,21,17
2022-01-02,36,30
2022-01-03,38,32
2022-01-04,33,30
2022-01-05,33,25
2022-01-06,99,75
2022-01-07,34,26
2022-01-08,39,31
2022-01-09,41,35
2022-01-10,83,64
2022-01-11,83,75
2022-01-12,48,42
2022-01-13,80,62
2022-01-14,32,26
2022-01-15,52,47
2022-01-16,20,18
2022-01-17,39,30
2022-01-18,56,50
2022-01-19,32,24
2022-01-20,86,66
2022-01-21,89,77
2022-01-22,47,40
2022-01-23,31,23
2022-01-24,39,29
2022-01-25,31,26
2022-01-26,37,33
2022-01-27,50,40
2022-01-28,83,66
2022-01-29,24,19
2022-01-30,25,20
2022-01-31,29,26
2022-02-01,47,35
2022-02-02,344,297
2022-02-03,26,21
2022-02-04,34,28
2022-02-05,31,26
2022-02-06,26,19
2022-02-07,39,35
2022-02-08,42,34
2022-02-09,26,21
2022-02-10,32,24
2022-02-11,30,27
2022-02-12,17,13
2022-02-13,140,105
2022-02-14,70,60
2022-02-15,35,29
2022-02-16,26,20
2022-02-17,40,34
2022-02-18,43,38
2022-02-19,23,19
2022-02-20,34,26
2022-02-21,22,18
2022-02-22,34,28
2022-02-23,65,57
2022-02-24,25,19
2022-02-25,35,30
2022-02-26,34,25
2022-02-27,29,24
2022-02-28,76,69
2022-03-01,64,54
2022-03-02,69,62
2022-03-03,29,24
2022-03-04,80,63
2022-03-05,26,21
2022-03-06,18,16
2022-03-07,53,43
2022-03-08,38,30
2022-03-09,63,55
2022-03-10,75,64
2022-03-11,46,35
2022-03-12,19,15
2022-03-13,4,3
2022-03-14,40,36
2022-03-15,26,22
2022-03-16,71,59
2022-03-17,35,31
2022-03-18,20,15
2022-03-19,25,19
2022-03-20,32,29
2022-03-21,39,32
2022-03-22,35,30
2022-03-23,50,44
2022-03-24,79,71
2022-03-25,73,62
2022-03-26,29,22
2022-03-27,24,19
2022-03-28,93,70
2022-03-29,58,44
2022-03-30,70,56
2022-03-31,39,35
2022-04-01,58,44
2022-04-02,44,33
2022-04-03,51,41
2022-04-04,51,41
2022-04-05,34,28
2022-04-06,70,63
2022-04-07,48,43
2022-04-08,25,22
2022-04-09,45,38
2022-04-10,28,23
2022-04-11,41,35
2022-04-12,18,14
2022-04-13,37,33
2022-04-14,87,78
2022-04-15,31,23
2022-04-16,43,33
2022-04-17,17,14
2022-04-18,64,49
2022-04-19,65,52
2022-04-20,41,31
2022-04-21,72,56
2022-04-22,4,3
2022-04-23,108,96
2022-04-24,36,30
2022-04-25,50,44
2022-04-26,40,31
2022-04-27,65,58
2022-04-28,71,58
2022-04-29,31,24
2022-04-30,18,13
2022-05-01,33,27
2022-05-02,49,42
2022-05-03,138,109
2022-05-04,23,20
2022-05-05,46,36
2022-05-06,39,33
2022-05-07,28,23
2022-05-08,23,17
2022-05-09,6,4
2022-05-10,20,17
2022-05-11,64,50
2022-05-12,49,43
2022-05-13,25,20
2022-05-14,42,33
2022-05-15,14,12
2022-05-16,84,71
2022-05-17,16,14
2022-05-18,42,36
2022-05-19,66,60
2022-05-20,85,76
2022-05-21,37,32
2022-05-22,32,25
2022-05-23,33,27
2022-05-24,74,67
2022-05-25,50,45
2022-05-26,43,38
2022-05-27,24,18
2022-05-28,4,3
2022-05-29,37,28
2022-05-30,55,46
2022-05-31,34,30
2022-06-01,73,57
2022-06-02,43,34
2022-06-03,37,31
2022-06-04,24,20
2022-06-05,31,25
2022-06-06,66,54
2022-06-07,22,20
2022-06-08,59,46
2022-06-09,42,33
2022-06-10,12,10
2022-06-11,13,11
2022-06-12,18,14
2022-06-13,53,40
2022-06-14,45,35
2022-06-15,48,44
2022-06-16,47,35
2022-06-17,24,19
2022-06-18,19,15
2022-06-19,352,304
2022-06-20,54,42
2022-06-21,38,32
2022-06-22,52,43
2022-06-23,60,49
2022-06-24,36,27
2022-06-25,43,32
2022-06-26,45,35
2022-06-27,75,60
2022-06-28,27,21
2022-06-29,61,48
2022-06-30,44,37
2022-07-01,41,37
2022-07-02,16,14
2022-07-03,20,17
2022-07-04,16,13
2022-07-05,64,50
2022-07-06,53,43
2022-07-07,19,14
2022-07-08,58,46
2022-07-09,38,29
2022-07-10,16,12
2022-07-11,31,26
2022-07-12,47,38
2022-07-13,20,17
2022-07-14,45,38
2022-07-15,39,30
2022-07-16,15,11
2022-07-17,15,12
2022-07-18,46,36
2022-07-19,47,35
2022-07-20,64,52
2022-07-21,20,18
2022-07-22,23,18
2022-07-23,25,22
2022-07-24,21,19
2022-07-25,60,55
2022-07-26,51,43
2022-07-27,21,17
2022-07-28,31,28
2022-07-29,33,27
2022-07-30,39,29
2022-07-31,27,20
2022-08-01,64,50
2022-08-02,22,17
2022-08-03,62,56
2022-08-04,45,34
2022-08-05,23,18
2022-08-06,22,16
2022-08-07,21,17
2022-08-08,49,43
2022-08-09,38,33
2022-08-10,45,38
2022-08-11,19,14
2022-08-12,32,24
2022-08-13,38,29
2022-08-14,15,13
2022-08-15,33,29
2022-08-16,21,17
2022-08-17,31,23
2022-08-18,67,59
2022-08-19,36,29
2022-08-20,32,24
2022-08-21,30,27
2022-08-22,42,32
2022-08-23,58,43
2022-08-24,28,23
2022-08-25,39,33
2022-08-26,53,44
2022-08-27,13,10
2022-08-28,28,22
2022-08-29,29,23
2022-08-30,37,33
2022-08-31,22,16
2022-09-01,54,45
2022-09-02,29,23
2022-09-03,49,42
2022-09-04,22,18
2022-09-05,45,36
2022-09-06,45,39
2022-09-07,65,59
2022-09-08,30,27
2022-09-09,69,60
2022-09-10,34,30
2022-09-11,28,21
2022-09-12,41,34
2022-09-13,76,63
2022-09-14,52,41
2022-09-15,48,42
2022-09-16,73,57
2022-09-17,42,35
2022-09-18,56,45
2022-09-19,42,37
2022-09-20,38,30
2022-09-21,46,39
2022-09-22,100,75
2022-09-23,52,45
2022-09-24,26,23
2022-09-25,51,41
2022-09-26,74,66
2022-09-27,83,62
2022-09-28,62,51
2022-09-29,64,49
2022-09-30,112,101
2022-10-01,47,38
2022-10-02,61,48
2022-10-03,85,75
2022-10-04,47,36
2022-10-05,114,95
2022-10-06,38,29
2022-10-07,79,71
2022-10-08,79,61
2022-10-09,13,11
2022-10-10,33,24
2022-10-11,68,57
2022-10-12,39,34
2022-10-13,45,41
2022-10-14,52,46
2022-10-15,43,36
2022-10-16,54,48
2022-10-17,91,81
2022-10-18,38,28
2022-10-19,77,61
2022-10-20,75,58
2022-10-21,113,84
2022-10-22,22,18
2022-10-23,37,30
2022-10-24,48,38
2022-10-25,61,50
2022-10-26,67,53
2022-10-27,84,69
2022-10-28,419,348
2022-10-29,43,34
2022-10-30,59,51
2022-10-31,49,40
2022-11-01,71,63
2022-11-02,53,41
2022-11-03,77,65
2022-11-04,65,56
2022-11-05,51,42
2022-11-06,18,16
2022-11-07,80,62
2022-11-08,115,88
2022-11-09,34,26
2022-11-10,41,36
2022-11-11,61,46
2022-11-12,39,29
2022-11-13,27,23
2022-11-14,41,34
2022-11-15,28,24
2022-11-16,28,23
2022-11-17,68,51
2022-11-18,46,35
2022-11-19,33,26
2022-11-20,32,29
2022-11-21,56,44
2022-11-22,49,41
2022-11-23,41,33
2022-11-24,48,36
2022-11-25,88,70
2022-11-26,43,38
2022-11-27,21,17
2022-11-28,66,54
2022-11-29,48,42
2022-11-30,65,52
2022-12-01,99,83
2022-12-02,87,72
2022-12-03,52,41
2022-12-04,79,70
2022-12-05,16,12
2022-12-06,58,50
2022-12-07,39,30
2022-12-08,52,47
2022-12-09,106,85
2022-12-10,37,31
2022-12-11,42,33
2022-12-12,77,62
2022-12-13,66,59
2022-12-14,52,47
2022-12-15,44,39
2022-12-16,42,34
2022-12-17,50,42
2022-12-18,43,36
2022-12-19,118,107
2022-12-20,125,104
2022-12-21,96,77
2022-12-22,58,50
2022-12-23,106,86
2022-12-24,21,17
2022-12-25,19,15
2022-12-26,47,39
2022-12-27,50,45
2022-12-28,140,120
2022-12-29,106,94
2022-12-30,75,65
2022-12-31,47,35
2023-01-01,26,23
2023-01-02,35,31
2023-01-03,110,100
2023-01-04,80,69
2023-01-05,72,55
2023-01-06,48,37
2023-01-07,30,24
2023-01-08,56,46
2023-01-09,71,60
2023-01-10,130,105
2023-01-11,51,43
2023-01-12,102,77
2023-01-13,46,36
2023-01-14,31,26
2023-01-15,47,40
2023-01-16,108,96
2023-01-17,52,42
2023-01-18,66,55
2023-01-19,55,43
2023-01-20,39,30
2023-01-21,36,30
2023-01-22,46,34
2023-01-23,83,75
2023-01-24,12,9
2023-01-25,71,56
2023-01-26,84,76
2023-01-27,139,114
2023-01-28,12,10
2023-01-29,103,94
2023-01-30,62,56
2023-01-31,105,81
2023-02-01,57,43
2023-02-02,26,22
2023-02-03,62,51
2023-02-04,65,57
2023-02-05,27,23
2023-02-06,81,70
2023-02-07,30,26
2023-02-08,60,48
2023-02-09,71,64
2023-02-10,35,28
2023-02-11,34,27
2023-02-12,52,40
2023-02-13,71,61
2023-02-14,12,10
2023-02-15,55,45
2023-02-16,45,38
2023-02-17,57,45
2023-02-18,48,40
2023-02-19,24,21
2023-02-20,71,58
2023-02-21,27,21
2023-02-22,55,44
2023-02-23,45,33
2023-02-24,66,49
2023-02-25,21,18
2023-02-26,30,26
2023-02-27,84,70
2023-02-28,42,38
2023-03-01,72,54
2023-03-02,23,18
2023-03-03,113,86
2023-03-04,28,25
2023-03-05,37,32
2023-03-06,96,82
2023-03-07,98,80
2023-03-08,34,28
2023-03-09,9,6
2023-03-10,93,79
2023-03-11,9,7
2023-03-12,55,47
2023-03-13,36,32
2023-03-14,64,58
2023-03-15,51,38
2023-03-16,57,52
2023-03-17,70,55
2023-03-18,56,42
2023-03-19,48,37
2023-03-20,76,66
2023-03-21,58,44
2023-03-22,119,100
2023-03-23,76,67
2023-03-24,52,43
2023-03-25,27,22
2023-03-26,51,43
2023-03-27,98,85
2023-03-28,59,48
2023-03-29,74,63
2023-03-30,111,90
2023-03-31,109,87
2023-04-01,32,25
2023-04-02,73,60
2023-04-03,52,40
2023-04-04,39,33
2023-04-05,131,107
2023-04-06,42,36
2023-04-07,62,49
2023-04-08,62,54
2023-04-09,45,34
2023-04-10,92,71
2023-04-11,96,75
2023-04-12,35,29
2023-04-13,48,42
2023-04-14,88,68
2023-04-15,33,26
2023-04-16,59,48
2023-04-17,87,69
2023-04-18,37,29
2023-04-19,87,79
2023-04-20,48,37
2023-04-21,68,56
2023-04-22,56,45
2023-04-23,30,26
2023-04-24,71,64
2023-04-25,119,93
2023-04-26,61,49
2023-04-27,65,58
2023-04-28,81,64
2023-04-29,65,56
2023-04-30,45,34
2023-05-01,35,29
2023-05-02,50,41
2023-05-03,59,46
2023-05-04,30,23
2023-05-05,71,54
2023-05-06,37,31
2023-05-07,39,32
2023-05-08,57,45
2023-05-09,49,39
2023-05-10,111,89
2023-05-11,48,39
2023-05-12,66,55
2023-05-13,49,40
2023-05-14,22,18
2023-05-15,35,30
2023-05-16,49,44
2023-05-17,99,89
2023-05-18,58,46
2023-05-19,64,52
2023-05-20,40,32
2023-05-21,18,14
2023-05-22,55,48
2023-05-23,173,154
2023-05-24,39,34
2023-05-25,40,34
2023-05-26,57,46
2023-05-27,26,23
2023-05-28,35,30
2023-05-29,33,25
2023-05-30,52,41
2023-05-31,29,22
2023-06-01,63,56
2023-06-02,50,41
2023-06-03,50,43
2023-06-04,23,19
2023-06-05,78,58
2023-06-06,356,296
2023-06-07,89,81
2023-06-08,96,73
2023-06-09,121,106
2023-06-10,34,29
2023-06-11,42,35
2023-06-12,233,175
2023-06-13,41,32
2023-06-14,52,44
2023-06-15,63,56
2023-06-16,44,33
2023-06-17,66,60
2023-06-18,25,20
2023-06-19,84,68
2023-06-20,63,51
2023-06-21,90,74
2023-06-22,48,36
2023-06-23,85,74
2023-06-24,37,29
2023-06-25,57,45
2023-06-26,26,21
2023-06-27,103,84
2023-06-28,104,89
2023-06-29,92,79
2023-06-30,38,29
2023-07-01,36,31
2023-07-02,35,27
2023-07-03,75,66
2023-07-04,29,24
2023-07-05,69,55
2023-07-06,73,65
2023-07-07,42,35
2023-07-08,30,27
2023-07-09,38,31
2023-07-10,51,42
2023-07-11,58,49
2023-07-12,68,53
2023-07-13,57,43
2023-07-14,58,45
2023-07-15,23,19
2023-07-16,47,36
2023-07-17,56,42
2023-07-18,29,22
2023-07-19,47,37
2023-07-20,43,38
2023-07-21,36,30
2023-07-22,30,24
2023-07-23,47,39
2023-07-24,48,36
2023-07-25,75,59
2023-07-26,45,40
2023-07-27,69,61
2023-07-28,72,56
2023-07-29,17,13
2023-07-30,41,36
2023-07-31,64,52
2023-08-01,43,38
2023-08-02,71,63
2023-08-03,80,72
2023-08-04,67,60
2023-08-05,23,20
2023-08-06,22,17
2023-08-07,83,65
2023-08-08,53,47
2023-08-09,38,29
2023-08-10,41,35
2023-08-11,27,20
2023-08-12,40,30
2023-08-13,20,18
2023-08-14,67,60
2023-08-15,47,40
2023-08-16,44,40
2023-08-17,47,40
2023-08-18,63,56
2023-08-19,24,20
2023-08-20,54,41
2023-08-21,311,238
2023-08-22,66,53
2023-08-23,53,45
2023-08-24,73,64
2023-08-25,74,60
2023-08-26,46,38
2023-08-27,52,45
2023-08-28,14,10
2023-08-29,83,65
2023-08-30,82,67
2023-08-31,64,56
2023-09-01,82,67
2023-09-02,71,57
2023-09-03,80,71
2023-09-04,84,70
2023-09-05,52,42
2023-09-06,128,103
2023-09-07,102,86
2023-09-08,81,63
2023-09-09,59,46
2023-09-10,52,39
2023-09-11,147,124
2023-09-12,74,62
2023-09-13,81,74
2023-09-14,79,59
2023-09-15,71,58
2023-09-16,50,42
2023-09-17,94,81
2023-09-18,79,71
2023-09-19,77,59
2023-09-20,78,60
2023-09-21,106,85
2023-09-22,117,100
2023-09-23,60,45
2023-09-24,52,40
2023-09-25,46,41
2023-09-26,41,34
2023-09-27,126,109
2023-09-28,77,64
2023-09-29,90,81
2023-09-30,52,39
2023-10-01,51,46
2023-10-02,109,86
2023-10-03,61,52
2023-10-04,42,35
2023-10-05,85,65
2023-10-06,59,53
2023-10-07,43,39
2023-10-08,69,51
2023-10-09,53,41
2023-10-10,47,35
2023-10-11,135,105
2023-10-12,56,50
2023-10-13,107,93
2023-10-14,37,27
2023-10-15,61,54
2023-10-16,61,51
2023-10-17,107,96
2023-10-18,116,95
2023-10-19,60,47
2023-10-20,77,69
2023-10-21,103,91
2023-10-22,50,41
2023-10-23,78,61
2023-10-24,53,43
2023-10-25,36,30
2023-10-26,126,111
2023-10-27,47,37
2023-10-28,66,57
2023-10-29,38,34
2023-10-30,107,89
2023-10-31,87,66
2023-11-01,122,95
2023-11-02,33,25
2023-11-03,44,39
2023-11-04,101,82
2023-11-05,27,23
2023-11-06,87,74
2023-11-07,94,81
2023-11-08,52,46
2023-11-09,86,74
2023-11-10,54,41
2023-11-11,38,34
2023-11-12,64,53
2023-11-13,41,36
2023-11-14,107,82
2023-11-15,51,45
2023-11-16,95,81
2023-11-17,66,59
2023-11-18,32,27
2023-11-19,80,64
2023-11-20,61,48
2023-11-21,36,29
2023-11-22,50,42
2023-11-23,41,33
2023-11-24,51,41
2023-11-25,23,19
2023-11-26,37,31
2023-11-27,71,64
2023-11-28,79,69
2023-11-29,70,57
2023-11-30,75,58
2023-12-01,139,125
2023-12-02,66,54
2023-12-03,51,45
2023-12-04,99,86
2023-12-05,80,65
2023-12-06,68,53
2023-12-07,135,113
2023-12-08,122,94
2023-12-09,42,37
2023-12-10,41,31
2023-12-11,64,55
2023-12-12,77,65
2023-12-13,109,89
2023-12-14,68,54
2023-12-15,151,130
2023-12-16,31,23
2023-12-17,101,78
2023-12-18,85,72
2023-12-19,136,104
2023-12-20,74,62
2023-12-21,98,89
2023-12-22,184,142
2023-12-23,42,34
2023-12-24,54,49
2023-12-25,131,119
2023-12-26,177,134
2023-12-27,72,66
2023-12-28,176,153
2023-12-29,113,85
2023-12-30,49,38
2023-12-31,83,75
2024-01-01,61,50
2024-01-02,115,87
2024-01-03,136,118
2024-01-04,113,85
2024-01-05,95,85
2024-01-06,60,52
2024-01-07,50,45
2024-01-08,73,56
2024-01-09,74,60
2024-01-10,126,94
2024-01-11,127,98
2024-01-12,115,101
2024-01-13,55,48
2024-01-14,16,12
2024-01-15,59,49
2024-01-16,117,93
2024-01-17,66,49
2024-01-18,50,45
2024-01-19,65,52
2024-01-20,84,71
2024-01-21,57,49
2024-01-22,163,143
2024-01-23,61,52
2024-01-24,127,95
2024-01-25,106,86
2024-01-26,63,56
2024-01-27,68,59
2024-01-28,47,35
2024-01-29,92,82
2024-01-30,171,132
2024-01-31,55,44
2024-02-01,22,18
2024-02-02,47,38
2024-02-03,19,15
2024-02-04,45,39
2024-02-05,58,44
2024-02-06,60,47
2024-02-07,111,83
2024-02-08,69,56
2024-02-09,43,38
2024-02-10,84,69
2024-02-11,34,30
2024-02-12,129,108
2024-02-13,50,40
2024-02-14,71,56
2024-02-15,17,13
2024-02-16,51,43
2024-02-17,55,48
2024-02-18,32,24
2024-02-19,61,50
2024-02-20,49,41
2024-02-21,105,89
2024-02-22,93,82
2024-02-23,75,56
2024-02-24,18,15
2024-02-25,56,47
2024-02-26,107,85
2024-02-27,75,57
2024-02-28,107,86
2024-02-29,140,83
2024-03-01,178,98
2024-03-02,65,54
2024-03-03,106,69
2024-03-04,126,94
2024-03-05,141,105
2024-03-06,127,110
2024-03-07,173,145
2024-03-08,150,117
2024-03-09,76,69
2024-03-10,92,79
2024-03-11,101,89
2024-03-12,116,85
2024-03-13,249,128
2024-03-14,162,122
2024-03-15,93,77
2024-03-16,59,55
2024-03-17,76,59
2024-03-18,149,113
2024-03-19,102,88
2024-03-20,133,98
2024-03-21,95,79
2024-03-22,142,86
2024-03-23,66,61
2024-03-24,105,90
2024-03-25,187,121
2024-03-26,74,64
2024-03-27,110,90
2024-03-28,122,98
2024-03-29,138,94
2024-03-30,87,61
2024-03-31,93,70
2024-04-01,106,93
2024-04-02,118,95
2024-04-03,171,92
2024-04-04,137,109
2024-04-05,247,97
2024-04-06,47,43
2024-04-07,75,64
2024-04-08,168,103
2024-04-09,94,83
2024-04-10,132,109
2024-04-11,120,92
2024-04-12,161,109
2024-04-13,33,27
2024-04-14,80,52
2024-04-15,96,77
2024-04-16,82,65
2024-04-17,135,65
2024-04-18,124,75
2024-04-19,137,84
2024-04-20,55,38
2024-04-21,57,43
2024-04-22,135,90
2024-04-23,127,87
2024-04-24,79,42
2024-04-25,74,33
2024-04-26,70,55
2024-04-27,78,52
2024-04-28,55,48
2024-04-29,95,77
2024-04-30,146,80
2024-05-01,105,62
2024-05-02,64,56
2024-05-03,123,73
2024-05-04,49,35
2024-05-05,37,33
2024-05-06,68,38
2024-05-07,66,53
2024-05-08,45,35
2024-05-09,71,58
2024-05-10,54,35
2024-05-11,67,31
2024-05-12,45,33
2024-05-13,83,62
2024-05-14,67,59
2024-05-15,113,61
2024-05-16,65,47
2024-05-17,47,40
2024-05-18,13,10
2024-05-19,39,36
2024-05-20,72,32
2024-05-21,61,53
2024-05-22,257,55
2024-05-23,118,64
2024-05-24,77,42
2024-05-25,24,21
2024-05-26,32,26
2024-05-27,114,91
2024-05-28,57,42
2024-05-29,127,67
2024-05-30,115,61
2024-05-31,113,65
2024-06-01,59,32
2024-06-02,67,35
2024-06-03,68,61
2024-06-04,67,52
2024-06-05,80,58
2024-06-06,114,55
2024-06-07,95,44
2024-06-08,43,40
2024-06-09,46,26
2024-06-10,93,65
2024-06-11,70,41
2024-06-12,74,50
2024-06-13,54,36
2024-06-14,59,45
2024-06-15,43,31
2024-06-16,34,30
2024-06-17,74,57
2024-06-18,61,53
2024-06-19,98,66
2024-06-20,105,78
2024-06-21,72,49
2024-06-22,24,24
2024-06-23,43,38
2024-06-24,45,38
2024-06-25,67,42
2024-06-26,44,39
2024-06-27,112,44
2024-06-28,106,50
2024-06-29,39,30
2024-06-30,54,31
2024-07-01,54,35
2024-07-02,75,54
2024-07-03,82,54
2024-07-04,51,43
2024-07-05,43,32
2024-07-06,26,18
2024-07-07,49,35
2024-07-08,46,36
2024-07-09,43,38
2024-07-10,36,33
2024-07-11,42,27
2024-07-12,43,32
2024-07-13,28,25
2024-07-14,34,27
2024-07-15,41,32
2024-07-16,32,25
2024-07-17,97,52
2024-07-18,69,50
2024-07-19,63,49
2024-07-20,68,58
2024-07-21,77,70
2024-07-22,79,67
2024-07-23,63,58
2024-07-24,77,64
2024-07-25,73,57
2024-07-26,63,50
2024-07-27,67,53
2024-07-28,66,52
2024-07-29,68,58
2024-07-30,69,56
2024-07-31,60,48
2024-08-01,61,52
2024-08-02,174,149
2024-08-03,205,175
2024-08-04,207,173
2024-08-05,177,152
2024-08-06,202,169
2024-08-07,201,168
2024-08-08,213,182
2024-08-09,227,193
2024-08-10,212,177
2024-08-11,211,182
2024-08-12,195,168
2024-08-13,206,179
2024-08-14,182,158
2024-08-15,200,165
2024-08-16,174,152
2024-08-17,204,174
2024-08-18,206,171
2024-08-19,184,157
2024-08-20,225,195
2024-08-21,217,179
2024-08-22,215,186
2024-08-23,211,183
2024-08-24,172,150
2024-08-25,189,156
2024-08-26,205,178
2024-08-27,196,162
2024-08-28,205,171
2024-08-29,200,174
2024-08-30,194,163
2024-08-31,215,179
2024-09-01,224,194
2024-09-02,214,178
2024-09-03,230,190
2024-09-04,214,178
2024-09-05,222,186
2024-09-06,230,194
2024-09-07,185,159
2024-09-08,208,174
2024-09-09,198,169
2024-09-10,218,180
2024-09-11,226,192
2024-09-12,215,178
2024-09-13,181,153
2024-09-14,211,181
2024-09-15,188,163
2024-09-16,222,191
2024-09-17,226,195
2024-09-18,195,164
2024-09-19,190,161
2024-09-20,223,189
2024-09-21,190,157
2024-09-22,229,198
2024-09-23,206,171
2024-09-24,195,169
2024-09-25,229,191
2024-09-26,223,187
2024-09-27,186,161
2024-09-28,184,154
2024-09-29,217,189
2024-09-30,182,152
2024-10-01,215,182
2024-10-02,191,167
2024-10-03,205,179
2024-10-04,202,175
2024-10-05,182,153
2024-10-06,198,173
2024-10-07,220,186
2024-10-08,214,186
2024-10-09,226,190
2024-10-10,225,187
2024-10-11,218,187
2024-10-12,170,142
2024-10-13,205,179
2024-10-14,192,161
2024-10-15,186,156
2024-10-16,177,147
2024-10-17,211,179
2024-10-18,178,147
2024-10-19,213,184
2024-10-20,181,157
2024-10-21,194,161
2024-10-22,176,148
2024-10-23,173,146
2024-10-24,219,186
2024-10-25,228,189
2024-10-26,221,182
2024-10-27,178,153
2024-10-28,225,194
2024-10-29,171,150
2024-10-30,80,64
2024-10-31,95,78
2024-11-01,89,77
2024-11-02,88,75
2024-11-03,82,68
2024-11-04,90,79
2024-11-05,75,67
2024-11-06,91,78
2024-11-07,94,76
2024-11-08,86,73
2024-11-09,91,75
2024-11-10,89,72
2024-11-11,75,66
2024-11-12,74,58
2024-11-13,84,71
2024-11-14,178,103
2024-11-15,140,108
2024-11-16,96,81
2024-11-17,119,83
2024-11-18,190,132
2024-11-19,91,67
2024-11-20,104,93
2024-11-21,89,73
2024-11-22,80,70
2024-11-23,79,64
2024-11-24,100,82
2024-11-25,89,78
2024-11-26,83,68
2024-11-27,80,69
2024-11-28,83,71
2024-11-29,102,86
2024-11-30,95,75
2024-12-01,80,72
2024-12-02,95,84
2024-12-03,83,67
2024-12-04,180,148
2024-12-05,198,171
2024-12-06,217,189
2024-12-07,229,191
2024-12-08,204,178
2024-12-09,193,163
2024-12-10,192,158
2024-12-11,193,166
2024-12-12,217,184
2024-12-13,206,176
2024-12-14,221,188
2024-12-15,194,165
2024-12-16,187,155
2024-12-17,220,189
2024-12-18,199,165
2024-12-19,178,153
2024-12-20,202,166
2024-12-21,230,190
2024-12-22,207,173
2024-12-23,187,163
2024-12-24,178,154
2024-12-25,196,166
2024-12-26,179,157
2024-12-27,215,177
2024-12-28,197,170
2024-12-29,188,161
2024-12-30,182,151
2024-12-31,228,190
2025-01-01,180,150
2025-01-02,203,167
2025-01-03,211,181
2025-01-04,227,187
2025-01-05,218,189
2025-01-06,343,291
2025-01-07,323,279
2025-01-08,307,257
2025-01-09,311,260
2025-01-10,292,252
2025-01-11,355,296
2025-01-12,349,300
2025-01-13,336,280
2025-01-14,319,274
2025-01-15,287,244
2025-01-16,326,276
2025-01-17,298,253
2025-01-18,304,255
2025-01-19,347,298
2025-01-20,309,125
2025-01-21,465,193
2025-01-22,302,182
2025-01-23,188,138
2025-01-24,197,142
2025-01-25,95,80
2025-01-26,133,96
2025-01-27,169,138
2025-01-28,249,167
2025-01-29,195,149
2025-01-30,197,149
2025-01-31,197,131
2025-02-01,170,96
2025-02-02,127,94
2025-02-03,226,171
2025-02-04,180,120
2025-02-05,166,126
2025-02-06,173,129
2025-02-07,179,153
2025-02-08,159,128
2025-02-09,123,109
2025-02-10,254,185
2025-02-11,220,177
2025-02-12,301,181
2025-02-13,190,140
2025-02-14,200,164
2025-02-15,209,132
2025-02-16,235,141
2025-02-17,258,191
2025-02-18,202,172
2025-02-19,210,169
2025-02-20,213,167
2025-02-21,262,161
2025-02-22,185,130
2025-02-23,150,121
2025-02-24,255,193
2025-02-25,202,166
2025-02-26,248,178
2025-02-27,216,163
2025-02-28,191,152
2025-03-01,148,119
2025-03-02,186,120
2025-03-03,284,198
2025-03-04,265,167
2025-03-05,258,152
2025-03-06,227,158
2025-03-07,160,131
2025-03-08,152,107
2025-03-09,196,129
2025-03-10,210,146
2025-03-11,653,160
2025-03-12,217,170
2025-03-13,173,147
2025-03-14,243,183
2025-03-15,172,138
2025-03-16,191,131
2025-03-17,205,151
2025-03-18,261,178
2025-03-19,235,169
2025-03-20,296,195
2025-03-21,234,180
2025-03-22,317,274
2025-03-23,307,257
2025-03-24,235,187
2025-03-25,218,171
2025-03-26,572,467
2025-03-27,258,201
2025-03-28,232,174
2025-03-29,138,109
2025-03-30,147,121
2025-03-31,209,165
2025-04-01,205,161
2025-04-02,247,208
2025-04-03,301,218
2025-04-04,311,235
2025-04-05,220,187
2025-04-06,213,190
2025-04-07,248,219
2025-04-08,334,225
2025-04-09,382,238
2025-04-10,215,195
2025-04-11,200,168
2025-04-12,197,151
2025-04-13,229,205
2025-04-14,231,189
2025-04-15,171,140
2025-04-16,263,181
2025-04-17,209,159
2025-04-18,174,146
2025-04-19,157,118
2025-04-20,108,85
2025-04-21,164,111
2025-04-22,200,150
2025-04-23,176,138
2025-04-24,253,179
2025-04-25,210,163
2025-04-26,130,108
2025-04-27,102,85
2025-04-28,174,132
2025-04-29,203,133
2025-04-30,202,138
2025-05-01,143,110
2025-05-02,170,129
2025-05-03,273,98
2025-05-04,122,91
2025-05-05,175,137
2025-05-06,196,148
2025-05-07,196,165
2025-05-08,208,161
2025-05-09,160,125
2025-05-10,131,100
2025-05-11,103,88
2025-05-12,178,118
2025-05-13,205,159
2025-05-14,215,150
2025-05-15,175,146
2025-05-16,244,168
2025-05-17,110,91
2025-05-18,136,108
2025-05-19,205,160
2025-05-20,238,194
2025-05-21,232,179
2025-05-22,345,265
2025-05-23,234,187
2025-05-24,138,122
2025-05-25,180,143
2025-05-26,300,199
2025-05-27,181,137
2025-05-28,242,201
2025-05-29,190,130
2025-05-30,148,129
2025-05-31,142,123
2025-06-01,197,137
2025-06-02,269,203
2025-06-03,207,156
2025-06-04,297,256
2025-06-05,222,168
2025-06-06,173,143
2025-06-07,194,139
2025-06-08,192,137
2025-06-09,213,153
2025-06-10,142,105
2025-06-11,224,146
2025-06-12,178,142
2025-06-13,153,125
2025-06-14,141,100
2025-06-15,112,94
2025-06-16,198,141
2025-06-17,169,136
2025-06-18,227,151
2025-06-19,227,158
2025-06-20,154,122
2025-06-21,106,91
2025-06-22,149,105
2025-06-23,146,125
2025-06-24,162,123
2025-06-25,205,146
2025-06-26,158,123
2025-06-27,167,129
2025-06-28,103,86
2025-06-29,103,86
2025-06-30,163,123
2025-07-01,169,104
2025-07-02,138,117
2025-07-03,188,144
2025-07-04,138,113
2025-07-05,123,103
2025-07-06,109,89
2025-07-07,189,148
2025-07-08,177,149
2025-07-09,192,151
2025-07-10,196,159
2025-07-11,192,145
2025-07-12,134,93
2025-07-13,89,71
2025-07-14,124,102
2025-07-15,219,163
2025-07-16,260,186
2025-07-17,197,146
2025-07-18,214,150
2025-07-19,122,90
2025-07-20,113,79
2025-07-21,218,173
2025-07-22,223,171
2025-07-23,192,142
2025-07-24,221,150
2025-07-25,191,155
2025-07-26,111,91
2025-07-27,103,71
2025-07-28,208,148
2025-07-29,204,155
2025-07-30,194,160
2025-07-31,166,122
2025-08-01,131,111
2025-08-02,151,98
2025-08-03,112,97
2025-08-04,183,128
2025-08-05,147,112
2025-08-06,171,123
2025-08-07,229,127
2025-08-08,148,119
2025-08-09,147,86
2025-08-10,169,114
2025-08-11,190,140
2025-08-12,183,103
2025-08-13,139,129
2025-08-14,135,87
2025-08-15,99,80
2025-08-16,70,60
2025-08-17,108,89
2025-08-18,171,109
2025-08-19,209,165
2025-08-20,156,136
2025-08-21,165,123
2025-08-22,136,124
2025-08-23,79,66
2025-08-24,91,76
2025-08-25,166,110
2025-08-26,150,122
2025-08-27,302,218
2025-08-28,169,128
2025-08-29,156,97
2025-08-30,76,60
2025-08-31,97,81
2025-09-01,288,79
2025-09-02,256,105
2025-09-03,776,97
2025-09-04,328,109
2025-09-05,276,125
2025-09-06,166,69
2025-09-07,262,80
2025-09-08,270,105
2025-09-09,240,93
2025-09-10,280,120
2025-09-11,318,134
2025-09-12,212,92
2025-09-13,258,80
2025-09-14,142,66
2025-09-15,380,146
2025-09-16,222,105
2025-09-17,418,120
2025-09-18,368,121
2025-09-19,280,117
2025-09-20,170,74
2025-09-21,256,93
2025-09-22,274,120
2025-09-23,268,103
2025-09-24,362,153
2025-09-25,322,134
2025-09-26,388,130
2025-09-27,220,83
2025-09-28,216,84
2025-09-29,448,184
2025-09-30,342,128
2025-10-01,342,112
2025-10-02,254,96
2025-10-03,264,105
2025-10-04,228,99
2025-10-05,282,97
2025-10-06,298,101
2025-10-07,290,112
2025-10-08,260,108
2025-10-09,332,145
2025-10-10,274,106
2025-10-11,220,87
2025-10-12,194,88
2025-10-13,438,118
2025-10-14,408,140
2025-10-15,362,146
2025-10-16,324,142
2025-10-17,262,104
2025-10-18,166,70
2025-10-19,216,87
2025-10-20,250,102
2025-10-21,240,97
2025-10-22,274,109
2025-10-23,258,116
2025-10-24,274,108
2025-10-25,206,74
2025-10-26,226,60
2025-10-27,306,119
2025-10-28,320,119
2025-10-29,324,129
2025-10-30,220,96
2025-10-31,280,112
2025-11-01,232,82
2025-11-02,184,74
2025-11-03,442,112
2025-11-04,240,98
2025-11-05,264,82
2025-11-06,254,114
2025-11-07,232,98
2025-11-08,330,138
2025-11-09,212,98
2025-11-10,402,115
2025-11-11,262,92
2025-11-12,274,104
2025-11-13,258,108
2025-11-14,228,104
2025-11-15,154,49
2025-11-16,136,58
2025-11-17,238,85
2025-11-18,202,72
2025-11-19,338,111
2025-11-20,216,87
2025-11-21,230,96
2025-11-22,170,68
2025-11-23,126,47
2025-11-24,226,95
2025-11-25,286,94
2025-11-26,222,93
2025-11-27,292,102
2025-11-28,210,89
2025-11-29,196,74
2025-11-30,188,59
2025-12-01,240,95
2025-12-02,166,65
2025-12-03,280,116
2025-12-04,246,95
2025-12-05,188,78
2025-12-06,122,52
2025-12-07,176,53
2025-12-08,242,84
2025-12-09,246,98
2025-12-10,302,103
2025-12-11,248,88
2025-12-12,316,132
2025-12-13,154,61
2025-12-14,246,85
2025-12-15,388,118
2025-12-16,270,110
2025-12-17,318,123
2025-12-18,502,201
2025-12-19,286,113
2025-12-20,230,77
2025-12-21,186,66
2025-12-22,510,87
2025-12-23,268,77
2025-12-24,180,70
2025-12-25,216,82
2025-12-26,198,82
2025-12-27,180,58
2025-12-28,120,52
2025-12-29,316,100
2025-12-30,254,86
2025-12-31,216,96
2026-01-01,102,86
2026-01-02,133,97
2026-01-03,82,68
2026-01-04,193,63
2026-01-05,168,119
2026-01-06,115,96
2026-01-07,216,179
2026-01-08,287,239
2026-01-09,210,168
2026-01-10,153,133
2026-01-11,101,76
2026-01-12,180,152
2026-01-13,195,152
2026-01-14,169,109
2026-01-15,106,88
2026-01-16,148,92
2026-01-17,110,94
2026-01-18,127,105
2026-01-19,180,137
2026-01-20,157,141
2026-01-21,206,151
2026-01-22,118,104
2026-01-23,160,123
2026-01-24,63,54
2026-01-25,82,63
2026-01-26,167,121
2026-01-27,181,148
2026-01-28,170,130
2026-01-29,208,180
2026-01-30,87,81
2026-01-31,141,124
2026-02-01,182,166
2026-02-02,126,110
2026-02-03,287,262
2026-02-04,281,261
2026-02-05,278,254
2026-02-06,425,417
2026-02-07,199,183
2026-02-08,216,212
2026-02-09,408,390
2026-02-10,514,478
2026-02-11,919,895
2026-02-12,628,598
2026-02-13,423,402
2026-02-14,259,242
2026-02-15,340,180
2026-02-16,247,221
2026-02-17,198,170
2026-02-18,180,136
2026-02-19,176,123
2026-02-20,123,99
2026-02-21,130,101
2026-02-22,127,91
2026-02-23,160,110
2026-02-24,88,78
2026-02-25,120,101
2026-02-26,96,60
2026-02-27,121,91
2026-02-28,77,71
2026-03-01,92,80
2026-03-02,110,74
2026-03-03,100,83
2026-03-04,101,82
2026-03-05,81,65
2026-03-06,99,84
2026-03-07,96,85
2026-03-08,85,69
2026-03-09,82,73
2026-03-10,90,73
2026-03-11,82,70
2026-03-12,79,62
2026-03-13,96,79
2026-03-14,99,84
2026-03-15,93,74
2026-03-16,91,79
2026-03-17,72,56
2026-03-18,59,46
2026-03-19,64,48
2026-03-20,183,136
2026-03-21,187,142
2026-03-22,193,147
2026-03-23,170,131
2026-03-24,438,243
2026-03-25,411,273
2026-03-26,278,215
2026-03-27,376,204
2026-03-28,235,203
2026-03-29,332,263
2026-03-30,368,321
2026-03-31,302,251
2026-04-01,227,192
2026-04-02,325,235
2026-04-03,339,246
2026-04-04,321,229
2026-04-05,262,197
2026-04-06,211,167
2026-04-07,414,307
2026-04-08,369,313
2026-04-09,433,352
2026-04-10,500,422
2026-04-11,442,394
2026-04-12,456,366
2026-04-13,426,349
2026-04-14,436,352
2026-04-15,429,348
2026-04-16,439,364
2026-04-17,358,288
2026-04-18,373,321
2026-04-19,341,266
2026-04-20,278,247
2026-04-21,318,278
2026-04-22,439,356
2026-04-23,273,242
2026-04-24,363,288
2026-04-25,290,264
2026-04-26,297,260
2026-04-27,420,331
2026-04-28,315,268
2026-04-29,437,340
2026-04-30,476,423
2026-05-01,476,391
2026-05-02,448,371
2026-05-03,443,396
2026-05-04,494,420
2026-05-05,343,307
2026-05-06,576,491
2026-05-07,550,487
2026-05-08,763,680
2026-05-09,734,642
2026-05-10,399,361
2026-05-11,403,349
2026-05-12,354,280
2026-05-13,340,273
2026-05-14,501,434
2026-05-15,459,399
2026-05-16,539,504
2026-05-17,482,428
2026-05-18,436,381
2026-05-19,489,449
2026-05-20,550,445
2026-05-21,625,552
2026-05-22,557,475
2026-05-23,371,330
2026-05-24,380,305
2026-05-25,434,362
2026-05-26,476,394
2026-05-27,300,276
2026-05-28,337,307
2026-05-29,332,298
2026-05-30,354,324
2026-05-31,398,355
2026-06-01,390,329
2026-06-02,355,289
2026-06-03,371,337
2026-06-04,376,319
2026-06-05,298,254
2026-06-06,313,264
2026-06-07,347,320
2026-06-08,446,378
2026-06-09,358,296
2026-06-10,420,352
2026-06-11,505,408
2026-06-12,446,359
2026-06-13,434,363
2026-06-14,417,310
2026-06-15,610,499
2026-06-16,1021,866
2026-06-17,1038,868
2026-06-18,948,810
2026-06-19,646,536
2026-06-20,305,239
2026-06-21,290,224
2026-06-22,333,259
2026-06-23,261,211
2026-06-24,378,317
2026-06-25,441,378
2026-06-26,375,307
2026-06-27,528,374
2026-06-28,415,364
2026-06-29,393,327
2026-06-30,511,388
2026-07-01,384,326
2026-07-02,371,290
2026-07-03,309,260
2026-07-04,416,196
2026-07-05,300,219
2026-07-06,342,280
2026-07-07,425,357
2026-07-08,381,314
2026-07-09,307,259
2026-07-10,342,264
2026-07-11,374,352
2026-07-12,436,374
2026-07-13,347,290
2026-07-14,243,214
2026-07-15,397,326
2026-07-16,489,369
2026-07-17,369,314
2026-07-18,354,286
2026-07-19,502,429
2026-07-20,408,332
2026-07-21,370,293
2026-07-22,353,287
2026-07-23,504,420
2026-07-24,498,429
2026-07-25,398,348
2026-07-26,241,219
2026-07-27,682,574
2026-07-28,558,427
2026-07-29,754,607
2026-07-30,685,575
2026-07-31,450,373
2026-08-01,333,286
2026-08-02,512,418
2026-08-03,368,218
2026-08-04,266,214
2026-08-05,304,237
2026-08-06,223,186
2026-08-07,255,215
2026-08-08,390,331
2026-08-09,338,305
2026-08-10,505,419
2026-08-11,383,315
2026-08-12,351,314
2026-08-13,613,515
2026-08-14,397,335
2026-08-15,269,228
2026-08-16,747,620
2026-08-17,1201,948
2026-08-18,688,579
2026-08-19,466,370
2026-08-20,535,448
2026-08-21,708,573
2026-08-22,569,502
2026-08-23,738,640
2026-08-24,695,582
2026-08-25,184,152
2026-08-26,200,171
2026-08-27,208,172
2026-08-28,181,150
2026-08-29,210,173
2026-08-30,205,175
2026-08-31,183,158
2026-09-01,199,166
2026-09-02,177,145
2026-09-03,173,145
2026-09-04,161,138
2026-09-05,169,143
2026-09-06,170,139
2026-09-07,211,182
2026-09-08,166,138